{"accuracy": [0.6612703800201416, 0.8925812840461731, 0.9350878596305847, 0.9536809325218201, 0.9648765921592712], "loss": [1.1309016942977905, 0.32957082986831665, 0.19850844144821167, 0.13912343978881836, 0.10496959090232849], "val_accuracy": [0.8387776017189026, 0.9189620018005371, 0.9253926873207092, 0.9480423331260681, 0.930855929851532], "val_loss": [0.49075883626937866, 0.24496565759181976, 0.23082903027534485, 0.16455203294754028, 0.22580257058143616]}